{
  "missions": [
    {
      "id": 1,
      "mission_name": "Etawah, Church of Portiuncula",
      "year_established": 1975,
      "location": {
        "address": "Christ Niwas, Civil Lines, Etawah",
        "state": "Uttar Pradesh",
        "pin_code": "206001"
      },
      "contact": {
        "phone": ["05688-254002"]
      },
      "personnel": [
        {
          "name": "Rev. Fr. Thomas Ezhikad",
          "mobile": ["9411865219", "9368708519"]
        },
        {
          "name": "Rev. Fr. Luke Thalayinakuzhy",
          "mobile": ["9457620360"]
        },
        {
          "name": "Rev. Fr. Scaria Nambiamadom",
          "mobile": ["9412068383"]
        }
      ],
      "institutions_under_mission": [
        {
          "name": "St. Thomas Education and Medical Society",
          "contact": {
            "phone": ["05688-254626"]
          }
        },
        {
          "name": "St. Mary’s Inter College",
          "contact": {
            "phone": ["05688-254626"],
            "email": "stmarysetw@gmail.com"
          }
        },
        {
          "name": "Marian Kinder Garten",
          "contact": {}
        },
        {
          "name": "CMC Convent",
          "contact": {
            "mobile": ["9411241655"],
            "email": "cmcetawah@gmail.com"
          }
        }
      ]
    },
    {
      "id": 2,
      "mission_name": "Alampur Hauz, Asha Niketan School for MR",
      "year_established": 2001,
      "location": {
        "address": "Alampur Hauz, Sarangpur P.O., Etawah",
        "state": "Uttar Pradesh",
        "pin_code": "206002"
      },
      "contact": {
        "phone": ["-"]
      },
      "personnel": [
        {
          "name": "Rev. Fr. Joseph Ovelil",
          "mobile": ["7376602365", "8848986260"]
        }
      ],
      "institutions_under_mission": [
        {
          "name": "Asha Niketan School for Intellectually Disabled",
          "contact": {
            "mobile": ["6397291898"],
            "email": "ashaniketanetawah@gmail.com"
          }
        },
        {
          "name": "Etawah Samaj Kalyan Samiti",
          "contact": {
            "mobile": ["9368708538"]
          }
        },
        {
          "name": "Asha Socio Community Development Centre",
          "contact": {
            "website": "https://www.esksetawah.org",
            "email": "esksetawah@gmail.com"
          }
        },
        {
          "name": "Holy Family Convent (CHF)",
          "contact": {
            "mobile": ["9412183367"],
            "email": "hfcetawah@gmail.com"
          }
        }
      ]
    },
    {
      "id": 3,
      "mission_name": "Auraiya, St. Francis Mission",
      "year_established": 2006,
      "location": {
        "address": "Anepur, Karka P.O., Auraiya",
        "state": "Uttar Pradesh",
        "pin_code": "206122"
      },
      "contact": {
        "phone": ["-"]
      },
      "personnel": [
        {
          "name": "Rev. Fr. Francis Maniparampil",
          "mobile": ["8006960078"]
        },
        {
          "name": "Rev. Fr. Jimmy Paimpally",
          "mobile": ["9415493637", "7317644444"]
        }
      ],
      "institutions_under_mission": [
        {
          "name": "St. Francis Academy",
          "contact": {
            "mobile": ["8899447307"],
            "email": "auraiyastfrancis@gmail.com"
          }
        },
        {
          "name": "SH Convent",
          "contact": {
            "mobile": ["9927059593"],
            "email": "shcauraiya2020@yahoo.com"
          }
        }
      ]
    },
    {
      "id": 4,
      "mission_name": "Jaswant Nagar, St. Peter’s Mission",
      "year_established": 1990,
      "location": {
        "address": "Kesth P.O., Jaswant Nagar, Etawah",
        "state": "Uttar Pradesh",
        "pin_code": "206245"
      },
      "contact": {
        "phone": ["-"]
      },
      "personnel": [
        {
          "name": "Rev. Fr. Antony Kuttichira",
          "mobile": ["9411020942"]
        }
      ],
      "institutions_under_mission": [
        {
          "name": "St. Peter’s School",
          "contact": {
            "mobile": ["9412323841"],
            "email": "stpetersjaswantnagar@gmail.com"
          }
        },
        {
          "name": "Nazareth Sisters (NS)",
          "contact": {
            "mobile": ["9045500747"]
          }
        }
      ]
    },
    {
      "id": 5,
      "mission_name": "Mainpuri, St. Thomas Mission",
      "year_established": 1976,
      "location": {
        "address": "St. Thomas Senior Secondary School, Mainpuri",
        "state": "Uttar Pradesh",
        "pin_code": "205001"
      },
      "contact": {
        "phone": ["-"]
      },
      "personnel": [
        {
          "name": "Rev. Fr. Emmanuel Ponnattil",
          "mobile": ["9415563586"]
        },
        {
          "name": "Rev. Fr. Joseph Thuruthel",
          "mobile": ["7907396643"]
        }
      ],
      "institutions_under_mission": [
        {
          "name": "Christu Raj Education Society",
          "contact": {
            "phone": ["-"]
          }
        },
        {
          "name": "St. Thomas Secondary School",
          "contact": {
            "mobile": ["9557352271"],
            "email": "stthomassrschool@gmail.com"
          }
        },
        {
          "name": "St. Thomas Kinder Garten",
          "contact": {
            "email": "stthomassrschool@gmail.com"
          }
        },
        {
          "name": "SABS Convent",
          "contact": {
            "mobile": ["8755476812"],
            "email": "stthomasconventmpi@gmail.com"
          }
        }
      ]
    },
    {
      "id": 6,
      "mission_name": "Chibramau, St. Paul’s Mission",
      "year_established": 1983,
      "location": {
        "address": "Lalakpur, Hariharpur P.O., Chibramau, Kannauj",
        "state": "Uttar Pradesh",
        "pin_code": "272164"
      },
      "contact": {
        "phone": ["-"]
      },
      "personnel": [
        {
          "name": "Rev. Fr. Celestine Karottuvempenickal",
          "mobile": ["9410268779", "9918238036"]
        },
        {
          "name": "Rev. Fr. Francis Meenatheril",
          "mobile": ["9746207817", "7012649045"]
        }
      ],
      "institutions_under_mission": [
        {
          "name": "Sevasram School (Hindi Medium), Primary School",
          "contact": {
            "mobile": ["9264999531"],
            "email": "sacredheartschool2020@gmail.com"
          }
        },
        {
          "name": "St. Paul’s Dispensary",
          "contact": {
            "phone": ["-"]
          }
        },
        {
          "name": "St. Paul’s Senior Secondary School",
          "contact": {
            "mobile": ["7007054332"],
            "email": "stpaulchb@gmail.com"
          }
        },
        {
          "name": "SH Convent",
          "contact": {
            "mobile": ["9984528640"],
            "email": "shchibramau@gmail.com"
          }
        }
      ]
    },
    {
      "id": 7,
      "mission_name": "Fatehgarh, St. Anthony’s Mission",
      "year_established": 1977,
      "location": {
        "address": "Fatehgarh Cantt., Farrukhabad",
        "state": "Uttar Pradesh",
        "pin_code": "209601"
      },
      "contact": {
        "phone": ["-"]
      },
      "personnel": [
        {
          "name": "Rev. Fr. Sebastian Kuttikkattil",
          "mobile": ["9456696873"]
        },
        {
          "name": "Rev. Fr. Thomas Thuruthumalil",
          "mobile": ["9037275724"]
        }
      ],
      "institutions_under_mission": [
        {
          "name": "St. Antony’s Senior Secondary School",
          "contact": {
            "mobile": ["8887422348", "8887422338"],
            "email": "stanthonyschoolfatehgarh@gmail.com"
          }
        },
        {
          "name": "St. Anthony’s Junior School, Nekhpur Kalan",
          "contact": {
            "email": "stanthonyschoolfatehgarh@gmail.com"
          }
        },
        {
          "name": "St. John’s Mission, Kaimganj (Mass Station)",
          "contact": {
            "phone": ["-"]
          }
        },
        {
          "name": "MLF Convent",
          "contact": {
            "mobile": ["6306230498", "9452607716"],
            "email": "anthonycon2018@gmail.com"
          }
        }
      ]
    },
    {
      "id": 8,
      "mission_name": "Dibiyapur, St. Joseph’s Mission",
      "year_established": 1989,
      "location": {
        "address": "C/o St. Joseph’s Senior Secondary School, NTPC, Dibiyapur, Auraiya",
        "state": "Uttar Pradesh",
        "pin_code": "206244"
      },
      "contact": {
        "phone": ["-"]
      },
      "personnel": [
        {
          "name": "Very Rev. Dr. James Palackal",
          "mobile": ["8606598565"]
        }
      ],
      "institutions_under_mission": [
        {
          "name": "St. Joseph’s Senior Secondary School",
          "contact": {
            "mobile": ["9756202057"],
            "email": "stjosephdibiyapur@gmail.com"
          }
        },
        {
          "name": "CMC Convent",
          "contact": {
            "mobile": ["9456002398"],
            "email": "stjosephdbr@gmail.com"
          }
        }
      ]
    },
    {
      "id": 9,
      "mission_name": "Dibiyapur, Sanjos Mission",
      "year_established": 1993,
      "location": {
        "address": "NTPC – GAIL, Canal Road, Dibiyapur, Auraiya",
        "state": "Uttar Pradesh",
        "pin_code": "206244"
      },
      "contact": {
        "phone": ["-"]
      },
      "personnel": [
        {
          "name": "Rev. Fr. Francis Koippally",
          "mobile": ["9412284115"]
        }
      ],
      "institutions_under_mission": [
        {
          "name": "Sanjos Academy",
          "contact": {
            "mobile": ["9458577161"],
            "email": "sanjoseacademydibi@gmail.com"
          }
        },
        {
          "name": "SABS Convent",
          "contact": {
            "mobile": ["9458577161"],
            "email": "sanjosconvent2011@gmail.com"
          }
        }
      ]
    },
    {
      "id": 10,
      "mission_name": "Shikohabad, St. Dominic’s Mission",
      "year_established": 1990,
      "location": {
        "address": "Booda, Agra Road, NH 2, Shikohabad, Firozabad",
        "state": "Uttar Pradesh",
        "pin_code": "283135"
      },
      "contact": {
        "phone": ["-"]
      },
      "personnel": [
        {
          "name": "Rev. Fr. George Chekkathadathil",
          "mobile": ["9997137900", "9412373431"]
        }
      ],
      "institutions_under_mission": [
        {
          "name": "St. Dominic’s Academy",
          "contact": {
            "mobile": ["7055521666"],
            "email": "st.dominicsacademy@gmail.com"
          }
        },
        {
          "name": "SABS Convent",
          "contact": {
            "mobile": ["8859380147"],
            "email": "sdconvent123@gmail.com"
          }
        }
      ]
    },
    {
      "id": 11,
      "mission_name": "Nagla Gadaria, Jeevan Jyothi Bhawan Minor Seminary",
      "year_established": 1992,
      "location": {
        "address": "Nagla Gadaria, Vichpuri Kheda, Mainpuri Road, Etawah",
        "state": "Uttar Pradesh",
        "pin_code": "206001"
      },
      "contact": {
        "phone": ["-"]
      },
      "personnel": [
        {
          "name": "Rev. Fr. Martin Ninaparampil",
          "mobile": ["9400201998"]
        },
        {
          "name": "Rev. Fr. Thomas Vellanickal",
          "mobile": ["7559090292"]
        }
      ],
      "institutions_under_mission": [
        {
          "name": "Jeevan Jyothi Bhawan Minor Seminary",
          "contact": {
            "email": "rectorjeevanjyothi@gmail.com"
          }
        }
      ]
    },
    {
      "id": 12,
      "mission_name": "Kannauj, St. Mathew’s Mission",
      "year_established": 2006,
      "location": {
        "address": "Sarai Shah Mohammad, Jalalpur Panwara P.O., Kannauj",
        "state": "Uttar Pradesh",
        "pin_code": "209801"
      },
      "contact": {
        "phone": ["-"]
      },
      "personnel": [
        {
          "name": "Rev. Fr. Vincent Padanilathu",
          "mobile": ["9454918416"]
        }
      ],
      "institutions_under_mission": [
        {
          "name": "Christu Jyothi Academy",
          "contact": {
            "mobile": ["8887444220"],
            "email": "cjakannauj@gmail.com"
          }
        },
        {
          "name": "MLF Convent",
          "contact": {
            "mobile": ["9794947118"],
            "email": "stmathewsconvent18@gmail.com"
          }
        }
      ]
    },
    {
      "id": 13,
      "mission_name": "Saifai, St. Alphonsa’s Mission",
      "year_established": "-",
      "location": {
        "address": "C/o Jeevan Jyothi Bhawan, Christ Niwas, Etawah",
        "state": "Uttar Pradesh",
        "pin_code": "206001"
      },
      "contact": {
        "phone": ["-"]
      },
      "personnel": [
        {
          "name": "Rev. Fr. Martin Ninaparampil",
          "mobile": ["9400201998"]
        }
      ],
      "institutions_under_mission": [
        {
          "name": "-",
          "contact": {}
        }
      ]
    },
    {
      "id": 14,
      "mission_name": "Chakarnagar, St. Xavier’s Mission",
      "year_established": 2018,
      "location": {
        "address": "Ganiawar, Chakarnagar, Etawah",
        "state": "Uttar Pradesh",
        "pin_code": "206125"
      },
      "contact": {
        "phone": ["-"]
      },
      "personnel": [
        {
          "name": "Rev. Fr. Antony Parackal",
          "mobile": ["9450025531"]
        }
      ],
      "institutions_under_mission": [
        {
          "name": "St. Xavier’s School",
          "contact": {
            "mobile": ["7534051759"],
            "email": "stxaviorschakarnagar@gmail.com"
          }
        },
        {
          "name": "SJSM Convent",
          "contact": {
            "mobile": ["8193967523"],
            "email": "sanjosadhanchakarnagar@gmail.com"
          }
        }
      ]
    },
    {
      "id": 15,
      "mission_name": "Nagla Gadaria, Devmatha Vidya Mandir",
      "year_established": 2020,
      "location": {
        "address": "Nagla Gadaria",
        "state": "Uttar Pradesh",
        "pin_code": "-"
      },
      "contact": {
        "phone": ["-"]
      },
      "personnel": [
        {
          "name": "-",
          "mobile": ["-"]
        }
      ],
      "institutions_under_mission": [
        {
          "name": "Nazareth Convent (NS)",
          "contact": {
            "mobile": ["9027250207"],
            "email": "srarchanascaria@gmail.com"
          }
        }
      ]
    },
    {
      "id": 16,
      "mission_name": "Bidhuna, St. Mother Teresa’s Mission",
      "year_established": 2020,
      "location": {
        "address": "Sarai Pradham, Achalda Road, Bidhuna",
        "state": "Uttar Pradesh",
        "pin_code": "206243"
      },
      "contact": {
        "phone": ["-"]
      },
      "personnel": [
        {
          "name": "Rev. Fr. Varghese Pallikizhakkethil",
          "mobile": ["9497110487"]
        }
      ],
      "institutions_under_mission": [
        {
          "name": "-",
          "contact": {}
        }
      ]
    },
    {
      "id": 17,
      "mission_name": "Kanpur, Mass Station",
      "year_established": "-",
      "location": {
        "address": "Kanpur",
        "state": "Uttar Pradesh",
        "pin_code": "-"
      },
      "contact": {
        "phone": ["-"]
      },
      "personnel": [
        {
          "name": "Very Rev. Dr. James Palackal",
          "mobile": ["8606598565"]
        }
      ],
      "institutions_under_mission": [
        {
          "name": "-",
          "contact": {}
        }
      ]
    }
  ],


 

  "congregations": [
    {
      "id": 1,
      "congregation_name": "Congregation of the Mother of Carmel (CMC)",
      "province": "Mount Carmel Province - Bhopal",
      "institutions": [
        {
          "name": "St. Mary’s Convent",
          "contact": {
            "mobile": ["9411241655"],
            "email": "cmcetawah@gmail.com"
          },
          "location": {
            "address": "C/o St. Mary’s Inter College, Etawah",
            "state": "Uttar Pradesh",
            "pin_code": "206001"
          }
        },
        {
          "name": "St. Joseph’s Convent",
          "contact": {
            "mobile": ["9456002398"],
            "email": "stjosephdbr@gmail.com"
          },
          "location": {
            "address": "NTPC, Dibiyapur, Auraiya",
            "state": "Uttar Pradesh",
            "pin_code": "206244"
          }
        }
      ]
    },
    {
      "id": 2,
      "congregation_name": "Sisters of Adoration of the Blessed Sacrament (SABS)",
      "province": "Pavitrathma Province - Jagdalpur",
      "institutions": [
        {
          "name": "St. Thomas Convent",
          "contact": {
            "mobile": ["8755476812"],
            "email": "stthomasconventmpi@gmail.com"
          },
          "location": {
            "address": "C/o St. Thomas School, Mainpuri",
            "state": "Uttar Pradesh",
            "pin_code": "205001"
          }
        },
        {
          "name": "Sanjos Convent",
          "contact": {
            "mobile": ["9458577161"],
            "email": "sanjosconvent2011@gmail.com"
          },
          "location": {
            "address": "C/o Sanjos Academy, Canal Road, Dibiyapur, Auraiya",
            "state": "Uttar Pradesh",
            "pin_code": "206244"
          }
        },
        {
          "name": "St. Dominic’s Convent",
          "contact": {
            "mobile": ["8859380147", "9410280403"],
            "email": "sdconvent123@gmail.com"
          },
          "location": {
            "address": "C/o St. Dominic’s Academy, Booda, Agra Road, Shikhohabad, Firozabad",
            "state": "Uttar Pradesh",
            "pin_code": "283135"
          }
        }
      ]
    },
    {
      "id": 3,
      "congregation_name": "Sacred Heart Congregation (SH)",
      "province": "St. Matthew’s Province - Changanacherry",
      "institutions": [
        {
          "name": "SH Sevashram Convent",
          "contact": {
            "mobile": ["9984528640"],
            "email": "shchibramau@gmail.com"
          },
          "location": {
            "address": "Lalakpur, Chibramau, Kannauj",
            "state": "Uttar Pradesh",
            "pin_code": "272164"
          }
        },
        {
          "name": "St. Francis Convent",
          "contact": {
            "mobile": ["9927059593"],
            "email": "shcauraiya2020@yahoo.com"
          },
          "location": {
            "address": "C/o St. Francis Academy, Anepur, Auraiya",
            "state": "Uttar Pradesh",
            "pin_code": "206122"
          }
        }
      ]
    },
    {
      "id": 4,
      "congregation_name": "Congregation of the Holy Family (CHF)",
      "province": "Mary Matha Province - Jalgaon, Maharashtra",
      "institutions": [
        {
          "name": "Asha Niketan Convent",
          "contact": {
            "mobile": ["9412183367"],
            "email": "hfcetawah@gmail.com"
          },
          "location": {
            "address": "Alampur Hauz, Etawah",
            "state": "Uttar Pradesh",
            "pin_code": "206002"
          }
        }
      ]
    },
    {
      "id": 5,
      "congregation_name": "Missionaries of Little Flower (MLF)",
      "province": "Little Flower Generalate - Changanacherry",
      "institutions": [
        {
          "name": "St. Anthony’s Convent",
          "contact": {
            "mobile": ["7705801702"],
            "email": "anthonycon2018@gmail.com"
          },
          "location": {
            "address": "C/o St. Anthony’s Senior Secondary School, Fatehgarh Cantt.",
            "state": "Uttar Pradesh",
            "pin_code": "209601"
          }
        },
        {
          "name": "St. Mathew’s Convent",
          "contact": {
            "mobile": ["9794947118"],
            "email": "stmathewsconvent18@gmail.com"
          },
          "location": {
            "address": "C/o Christu Jyothi Academy, Sarai Shah Mohammad, Kannauj",
            "state": "Uttar Pradesh",
            "pin_code": "209801"
          }
        }
      ]
    },
    {
      "id": 6,
      "congregation_name": "Nazareth Sisters (NS)",
      "province": "Generalate, Kiliyanthara P.O., Kunnoth, Thalassery, Kannur",
      "institutions": [
        {
          "name": "St. Peter’s Convent",
          "contact": {
            "mobile": ["9045500747"],
            "email": "nsjaswantnagar@gmail.com"
          },
          "location": {
            "address": "C/o St. Peter’s School, Kesth, Jaswant Nagar, Etawah",
            "state": "Uttar Pradesh",
            "pin_code": "206245"
          }
        },
        {
          "name": "Nazareth Convent",
          "contact": {
            "mobile": ["9027250207"],
            "email": "srarchanascaria@gmail.com"
          },
          "location": {
            "address": "Nagla Gadaria, C/o St. Peter’s School, Kesth, Jaswant Nagar, Etawah",
            "state": "Uttar Pradesh",
            "pin_code": "206245"
          }
        }
      ]
    },
    {
      "id": 7,
      "congregation_name": "St. Joseph of St. Marc (SJSM)",
      "province": "Sanjo Province - Angamaly",
      "institutions": [
        {
          "name": "SJSM Convent",
          "contact": {
            "mobile": ["8193967523"],
            "email": "sanjosadhanchakarnagar@gmail.com"
          },
          "location": {
            "address": "C/o St. Xavier’s School, Ganiawar, Chakarnagar, Etawah",
            "state": "Uttar Pradesh",
            "pin_code": "206125"
          }
        },
        {
          "name": "Bidhuna Convent",
          "contact": {
            "mobile": ["7667588710"],
            "email": "-"
          },
          "location": {
            "address": "C/o St. Mother Teresa's School, Sarai Pradham, Achalda Road, Bidhuna, Auraiya",
            "state": "Uttar Pradesh",
            "pin_code": "206243"
          }
        }
      ]
    }
  ],


  "congregations2": 
   [
    {
      "id": 1,
      "mission_name": "Bhiwadi, St. Joseph's Syro Malabar Church",
      "year_established": "-",
      "location": {
        "address": "11/145, Aravalli Vihar Housing Board Colony, Near KEI Industries, Bhiwadi",
        "state": "Rajasthan",
        "pin_code": "301019"
      },
      "contact": {
        "phone": ["-"]
      },
      "personnel": [
        {
          "name": "Rev. Fr. Philip Moozhikunnel",
          "mobile": ["94467 94482"]
        }
      ],
      "institutions_under_mission": [
        {
          "name": "St. Joseph's Syro Malabar Church",
          "contact": {
            "mobile": ["9446794482"],
            "email": "-"
          }
        }
      ]
    },
    {
      "id": 2,
      "mission_name": "Bundi, Deva Matha Ashram",
      "year_established": "-",
      "location": {
        "address": "House No. 237, Rajat Grah Colony, Bundi",
        "state": "Rajasthan",
        "pin_code": "323001"
      },
      "contact": {
        "phone": ["-"]
      },
      "personnel": [
        {
          "name": "Rev. Fr. George Mannumadom",
          "mobile": ["94475 93700"]
        }
      ],
      "institutions_under_mission": [
        {
          "name": "Deva Matha Ashram",
          "contact": {
            "mobile": ["9447593700"],
            "email": "devamathaashrambundi@gmail.com"
          }
        }
      ]
    },
    {
      "id": 3,
      "mission_name": "Bundi, St Jude Church / St. Thomas Secondary School",
      "year_established": "-",
      "location": {
        "address": "Indira Colony, Bundi",
        "state": "Rajasthan",
        "pin_code": "323001"
      },
      "contact": {
        "phone": ["-"]
      },
      "personnel": [
        {
          "name": "Rev. Fr. Joseph Pulickaparampil",
          "mobile": ["96020 80736"]
        }
      ],
      "institutions_under_mission": [
        {
          "name": "St Jude Church / St. Thomas Secondary School",
          "contact": {
            "mobile": ["9602080736"],
            "email": [
              "12jaijojames@gmail.com",
              "pulickaparampiljoseph@gmail.com"
            ]
          }
        }
      ]
    },
    {
      "id": 4,
      "mission_name": "Jaipur, Holy Family City Parish (Zonal Parish)",
      "year_established": "-",
      "location": {
        "address": "Plot No. 4 & 5, Rameswer Dham, Mansarovar Extension, Jaipur",
        "state": "Rajasthan",
        "pin_code": "302020"
      },
      "contact": {
        "phone": ["-"]
      },
      "personnel": [
        {
          "name": "Rev. Fr. Paul Peediyekkal",
          "mobile": ["92497 79693"]
        }
      ],
      "institutions_under_mission": [
        {
          "name": "Holy Family City Parish",
          "contact": {
            "mobile": ["9249779693", "8690715705"],
            "email": [
              "holyfamilysmcjaipur@gmail.com",
              "paulbrotherspkd@gmail.com"
            ]
          }
        }
      ]
    },
    {
      "id": 5,
      "mission_name": "Jhotwara, St. Thomas Syro Malabar Church",
      "year_established": "-",
      "location": {
        "address": "Plot No. 17, Udyog Nagar, Jhotwara, Jaipur",
        "state": "Rajasthan",
        "pin_code": "302012"
      },
      "contact": {
        "phone": ["-"]
      },
      "personnel": [
        {
          "name": "Rev. Fr. Varghese Punnakalayil",
          "mobile": ["94961 84231"]
        }
      ],
      "institutions_under_mission": [
        {
          "name": "St. Thomas Syro Malabar Church",
          "contact": {
            "mobile": ["9496184231"],
            "email": "wilsonpunnakala@gmail.com"
          }
        }
      ]
    },
    {
      "id": 6,
      "mission_name": "Kota, Mar Sleeva Church",
      "year_established": "-",
      "location": {
        "address": "Plot No. 117, Maharana Pratap Residency, Near Chandresal Road, Kota",
        "state": "Rajasthan",
        "pin_code": "324002"
      },
      "contact": {
        "phone": ["-"]
      },
      "personnel": [
        {
          "name": "Rev. Fr. Joseph Pulickaparampi",
          "mobile": ["96020 80736"]
        }
      ],
      "institutions_under_mission": [
        {
          "name": "Mar Sleeva Church",
          "contact": {
            "mobile": ["9602080736"],
            "email": [
              "marsleevachurchkota@gmail.com",
              "pulickaparampiljoseph@gmail.com"
            ]
          }
        }
      ]
    },
    {
      "id": 7,
      "mission_name": "Alwar, St. John Paul II Syro Malabar Mission",
      "year_established": "-",
      "location": {
        "address": "Divine Mercy Home, Mega Highway, Surer, Rajgarh, Alwar",
        "state": "Rajasthan",
        "pin_code": "301408"
      },
      "contact": {
        "phone": ["-"]
      },
      "personnel": [
        {
          "name": "Rev. Fr. Philip Moozhikunnel",
          "mobile": ["94467 94482"]
        }
      ],
      "institutions_under_mission": [
        {
          "name": "St. John Paul II Syro Malabar Mission",
          "contact": {
            "mobile": ["9446794482"],
            "email": "philipon36@gmail.com"
          }
        }
      ]
    }
  ]
}




